{
  "Kimodo_original": {
    "per_sample": [
      {
        "sample_idx": 0,
        "scene": "005_mirror",
        "text": "pick up plant with left hand",
        "num_frames": 171,
        "gen_time_s": 23.66799306869507,
        "CFR": 1.0,
        "JCR": 0.4730766309713678,
        "MeanPen": 0.05000000074505806,
        "MaxPen": 0.05000000074505806,
        "P95Pen": 0.05000000074505806,
        "PFFR": 0.0,
        "OPIR": 0.42105263157894735,
        "FootSkate": 0.0,
        "FootPenetration": 0.0,
        "FloatingRatio": 0.9649122807017544,
        "VelSmooth": 0.0014124657027423382,
        "AccelJerk": 0.00074619275983423,
        "BoneLenErr": 0.25606261464286395
      },
      {
        "sample_idx": 1,
        "scene": "088-wash",
        "text": "stand still",
        "num_frames": 60,
        "gen_time_s": 14.882513761520386,
        "CFR": 1.0,
        "JCR": 0.5893939393939394,
        "MeanPen": 0.05000000819563866,
        "MaxPen": 0.05000000074505806,
        "P95Pen": 0.05000000074505806,
        "PFFR": 0.0,
        "OPIR": 1.0,
        "FootSkate": 0.02445078040045359,
        "FootPenetration": 0.4411764705882353,
        "FloatingRatio": 0.0,
        "VelSmooth": 4.275639003026299e-05,
        "AccelJerk": 3.845674655167386e-05,
        "BoneLenErr": 0.26558989779741476
      },
      {
        "sample_idx": 2,
        "scene": "083-blow_out-chair",
        "text": "pick up candle with left hand",
        "num_frames": 156,
        "gen_time_s": 22.244431972503662,
        "CFR": 1.0,
        "JCR": 0.5894105894105894,
        "MeanPen": 0.05000000819563866,
        "MaxPen": 0.05000000074505806,
        "P95Pen": 0.05000000074505806,
        "PFFR": 0.0,
        "OPIR": 1.0,
        "FootSkate": 0.03368128471974639,
        "FootPenetration": 0.2890625,
        "FloatingRatio": 0.0,
        "VelSmooth": 3.710060991579667e-05,
        "AccelJerk": 3.0096078262431547e-05,
        "BoneLenErr": 0.2601916137518305
      }
    ],
    "aggregated": {
      "CFR": 1.0,
      "CFR_std": 0.0,
      "JCR": 0.5506270532586323,
      "JCR_std": 0.054836429904492855,
      "MeanPen": 0.05000000571211179,
      "MeanPen_std": 3.512237375907836e-09,
      "MaxPen": 0.05000000074505806,
      "MaxPen_std": 0.0,
      "P95Pen": 0.05000000074505806,
      "P95Pen_std": 0.0,
      "PFFR": 0.0,
      "PFFR_std": 0.0,
      "OPIR": 0.8070175438596491,
      "OPIR_std": 0.27291840677375523,
      "FootSkate": 0.01937735504006666,
      "FootSkate_std": 0.014210605634729727,
      "FootPenetration": 0.24341299019607843,
      "FootPenetration_std": 0.18297919346048933,
      "FloatingRatio": 0.3216374269005848,
      "FloatingRatio_std": 0.454864011289592,
      "VelSmooth": 0.0004974409008961326,
      "VelSmooth_std": 0.0006470243622190443,
      "AccelJerk": 0.00027158186154944514,
      "AccelJerk_std": 0.0003356179412879854,
      "BoneLenErr": 0.2606147087307031,
      "BoneLenErr_std": 0.0039009860375386566,
      "avg_gen_time_s": 20.264979600906372
    }
  },
  "root_only": {
    "per_sample": [
      {
        "sample_idx": 0,
        "scene": "005_mirror",
        "text": "pick up plant with left hand",
        "num_frames": 171,
        "gen_time_s": 96.99166822433472,
        "CFR": 0.9005847953216374,
        "JCR": 0.7880306827675249,
        "MeanPen": 0.05000000447034836,
        "MaxPen": 0.05000000074505806,
        "P95Pen": 0.05000000074505806,
        "PFFR": 0.09941520467836262,
        "OPIR": 1.0,
        "FootSkate": 0.0,
        "FootPenetration": 0.0,
        "FloatingRatio": 1.0,
        "VelSmooth": 0.047903694212436676,
        "AccelJerk": 0.0639265924692154,
        "BoneLenErr": 0.263405876918431
      },
      {
        "sample_idx": 1,
        "scene": "088-wash",
        "text": "stand still",
        "num_frames": 60,
        "gen_time_s": 67.47511625289917,
        "CFR": 1.0,
        "JCR": 1.0,
        "MeanPen": 0.05000000819563866,
        "MaxPen": 0.05000000074505806,
        "P95Pen": 0.05000000074505806,
        "PFFR": 0.0,
        "OPIR": 1.0,
        "FootSkate": 0.0,
        "FootPenetration": 0.0,
        "FloatingRatio": 1.0,
        "VelSmooth": 0.04004286229610443,
        "AccelJerk": 0.0552837960422039,
        "BoneLenErr": 0.2687787349702734
      },
      {
        "sample_idx": 2,
        "scene": "083-blow_out-chair",
        "text": "pick up candle with left hand",
        "num_frames": 156,
        "gen_time_s": 63.12760043144226,
        "CFR": 1.0,
        "JCR": 0.949050949050949,
        "MeanPen": 0.050000011920928955,
        "MaxPen": 0.05000000074505806,
        "P95Pen": 0.05000000074505806,
        "PFFR": 0.0,
        "OPIR": 1.0,
        "FootSkate": 3.0675508347103153,
        "FootPenetration": 0.7627118644067796,
        "FloatingRatio": 0.8653846153846154,
        "VelSmooth": 0.06522439420223236,
        "AccelJerk": 0.09747421741485596,
        "BoneLenErr": 0.26448074620138934
      }
    ],
    "aggregated": {
      "CFR": 0.9668615984405458,
      "CFR_std": 0.046864776920745865,
      "JCR": 0.9123605439394913,
      "JCR_std": 0.09034152693135304,
      "MeanPen": 0.05000000819563866,
      "MeanPen_std": 3.041686791657381e-09,
      "MaxPen": 0.05000000074505806,
      "MaxPen_std": 0.0,
      "P95Pen": 0.05000000074505806,
      "P95Pen_std": 0.0,
      "PFFR": 0.03313840155945421,
      "PFFR_std": 0.04686477692074586,
      "OPIR": 1.0,
      "OPIR_std": 0.0,
      "FootSkate": 1.0225169449034384,
      "FootSkate_std": 1.4460573312387455,
      "FootPenetration": 0.2542372881355932,
      "FootPenetration_std": 0.3595458209423123,
      "FloatingRatio": 0.9551282051282052,
      "FloatingRatio_std": 0.06345830087571579,
      "VelSmooth": 0.05105698357025782,
      "VelSmooth_std": 0.010519341317004147,
      "AccelJerk": 0.07222820197542508,
      "AccelJerk_std": 0.01819698609102942,
      "BoneLenErr": 0.26555511936336457,
      "BoneLenErr_std": 0.002321294061465345,
      "avg_gen_time_s": 75.86479496955872
    }
  },
  "_config": {
    "num_samples": 3,
    "num_denoising_steps": 50,
    "experiments": [
      "Kimodo_original",
      "root_only"
    ],
    "seed": 42
  }
}